speaker,video_fn,video_link
ellen,season5_Ellen_s_Monologue_-_02_17_10-4IjmQIJBdAI.mkv,http://www.youtube.com/watch?v=4IjmQIJBdAI
ellen,season11_Drunk_Shopping-ifvCzRxdEdw.mkv,http://www.youtube.com/watch?v=ifvCzRxdEdw
ellen,season5_Ellen_s_Monologue_-_03_25_10-pIny_3oDXRA.mkv,http://www.youtube.com/watch?v=pIny_3oDXRA
ellen,season5_Ellen_s_Monologue_from_02_10_10-9GJm9b94-6E.mkv,https://www.youtube.com/watch?v=9GJm9b94-6E
ellen,season10_The_Lowdown_on_Lance-aPZkGAJ4ReE.mkv,http://www.youtube.com/watch?v=aPZkGAJ4ReE
ellen,season14_Ellen_s_First_Monologue_of_Season_14--gLFts7VmDs.mkv,https://www.youtube.com/watch?v=-gLFts7VmDs
ellen,season15_Ellen_Launches_BeKindToElephants_Campaign-CD8lCFU_2HY.mkv,http://www.youtube.com/watch?v=CD8lCFU_2HY
ellen,season10_Season_10-KL3KSj1WRM8.mkv,http://www.youtube.com/watch?v=KL3KSj1WRM8
ellen,season5_Ellen_s_Monologue_-_02_22_10-stMEVvPi90c.mkv,http://www.youtube.com/watch?v=stMEVvPi90c
ellen,season10_Ellen_Talks_to_Text-NNdrSgXikSg.mkv,http://www.youtube.com/watch?v=NNdrSgXikSg
ellen,season10_Lashing_Out-oPFqCHBvCm4.mkv,http://www.youtube.com/watch?v=oPFqCHBvCm4
ellen,season11_Stop_Beepin_Honking-HCzjOtMp6Q4.mkv,http://www.youtube.com/watch?v=HCzjOtMp6Q4
ellen,season10_Women_and_the_Election-w10DUy-2ouc.mkv,https://www.youtube.com/watch?v=w10DUy-2ouc
ellen,season11_Binge-Watching_TV-GwXvrgwnkyc.mkv,http://www.youtube.com/watch?v=GwXvrgwnkyc
ellen,season11_Vinylogue-wOIFxuQyv5M.mkv,http://www.youtube.com/watch?v=wOIFxuQyv5M
ellen,season11_Time_Flies-UOyytHHG4Xs.mkv,http://www.youtube.com/watch?v=UOyytHHG4Xs
ellen,season1-2_Ellen_s_memories_monologue-NCh3ryCZ9SE.mkv,http://www.youtube.com/watch?v=NCh3ryCZ9SE
ellen,season14_Ellen_Analyzes_Beyonce_s_Pregnancy_Photo_Album-g8i023llLDI.mkv,http://www.youtube.com/watch?v=g8i023llLDI
ellen,season1-2_Ellen_s_Spider_Monologue-B68vZhKXOrY.mkv,http://www.youtube.com/watch?v=B68vZhKXOrY
ellen,season12_Ellen_and_Portia_s_Dinner_Date-KM8l-QqaZ84.mkv,https://www.youtube.com/watch?v=KM8l-QqaZ84
ellen,season11_More_of_the_Best_of_the_Web-nMZ0LbhtyHs.mkv,http://www.youtube.com/watch?v=nMZ0LbhtyHs
ellen,season1-2_Ellen_s_job_monologue-cyS7kWh_bSM.mkv,http://www.youtube.com/watch?v=cyS7kWh_bSM
ellen,season11_Mintologue-ywXJ8CrdNrM.mkv,http://www.youtube.com/watch?v=ywXJ8CrdNrM
ellen,season14_Ellen_s_First_Date_Tips-eAgerJXjy5U.mkv,http://www.youtube.com/watch?v=eAgerJXjy5U
ellen,season1-2_Ellen_s_monologue_about_ants-UXki3wNY9yk.mkv,http://www.youtube.com/watch?v=UXki3wNY9yk
ellen,season1-2_Ellen_s_Hygiene_Monologue-j1t8BklUKv4.mkv,http://www.youtube.com/watch?v=j1t8BklUKv4
ellen,season11_Ellen_s_Been_Yelped-p14ooRMwDzU.mkv,http://www.youtube.com/watch?v=p14ooRMwDzU
ellen,season1-2_Ellen_s_monologue_about_boogie-boarding-8vDIxDAYG6I.mkv,http://www.youtube.com/watch?v=8vDIxDAYG6I
ellen,season13_The_Ellen_Card-ziYXbwOdZJ4.mkv,http://www.youtube.com/watch?v=ziYXbwOdZJ4
ellen,season12_Texting_Ain_t_What_It_Used_to_Be-zhYPZwIsxCo.mkv,http://www.youtube.com/watch?v=zhYPZwIsxCo
ellen,season1-2_Ellen_s_monologue_about_scary_things-9KHfUJ_WwjU.mkv,http://www.youtube.com/watch?v=9KHfUJ_WwjU
ellen,season11_Come_Fly_with_Me-tPmuDgXzHaQ.mkv,http://www.youtube.com/watch?v=tPmuDgXzHaQ
ellen,season15_Ellen_Says_MeToo-mmYgdOTPE3w.mkv,http://www.youtube.com/watch?v=mmYgdOTPE3w
ellen,season1-2_Ellen_s_Sea_Horse_Monologue-HHnpRK77uzk.mkv,http://www.youtube.com/watch?v=HHnpRK77uzk
ellen,season14_Ladies_Start_Your_Engines-z5lq00EiCeg.mkv,http://www.youtube.com/watch?v=z5lq00EiCeg
ellen,season5_Ellen_s_Monologue_-_03_04_10-2uUYS5re-2Q.mkv,https://www.youtube.com/watch?v=2uUYS5re-2Q
ellen,season13_ED_on_LOL-ing-qzDt-lE_M8c.mkv,https://www.youtube.com/watch?v=qzDt-lE_M8c
ellen,season7_Ellen_and_Portia_s_wedding_anniversary_monologe_-_11-sep-09-4Tp7h-DH4Go.mkv,https://www.youtube.com/watch?v=4Tp7h-DH4Go
ellen,season12_Angry_Birds-U36zGtH_bWQ.mkv,http://www.youtube.com/watch?v=U36zGtH_bWQ
ellen,season11_Women_Drivers_in_Saudi_Arabia-Ct0atsNF2XY.mkv,http://www.youtube.com/watch?v=Ct0atsNF2XY
ellen,season5_Ellen_s_Monologue_04_30_10-kT9ZQa6VtL8.mkv,http://www.youtube.com/watch?v=kT9ZQa6VtL8
ellen,season13_Ellen_s_Holiday_Sea_son-8RWRMUoidZs.mkv,http://www.youtube.com/watch?v=8RWRMUoidZs
ellen,season5_Ellen_s_A_Taurus_For_Us_monologue_-_15-May-2009-w_HgLbwDz1g.mkv,http://www.youtube.com/watch?v=w_HgLbwDz1g
ellen,season14_Ellen_Celebrates_the_20th_Anniversary_of_Her_Coming_Out_Episode-1CsN6ZYgp2Y.mkv,http://www.youtube.com/watch?v=1CsN6ZYgp2Y
ellen,season10_Take_It_to_the_Limit-CvK_8zI9RLE.mkv,http://www.youtube.com/watch?v=CvK_8zI9RLE
ellen,season10_Black_Thursday-Q_5QLFbrcBM.mkv,http://www.youtube.com/watch?v=Q_5QLFbrcBM
ellen,season13_TGIFDD-d0pWVz-yUac.mkv,https://www.youtube.com/watch?v=d0pWVz-yUac
ellen,season5_Ellen_s_clumsy_monologue-WQGP8YShaIw.mkv,http://www.youtube.com/watch?v=WQGP8YShaIw
ellen,season10_New_Year_s_Resolutions-wyftHNuxlOw.mkv,http://www.youtube.com/watch?v=wyftHNuxlOw
ellen,season5_Ellen_s_Monologue_-_02_18_10-VnzO8R--n3Y.mkv,https://www.youtube.com/watch?v=VnzO8R--n3Y
ellen,season1-2_Ellen_s_Garage_Sale_Monologue-4UNLtZbLlJw.mkv,http://www.youtube.com/watch?v=4UNLtZbLlJw
ellen,season11_May_I_Have_Your_Attention-n-ElDeeAUA8.mkv,https://www.youtube.com/watch?v=n-ElDeeAUA8
ellen,season10_The_Never-Ending_Receipt-RFcSGTmmhiw.mkv,http://www.youtube.com/watch?v=RFcSGTmmhiw
ellen,season10_Holiday_Stress-Znc4dU8nqpc.mkv,http://www.youtube.com/watch?v=Znc4dU8nqpc
ellen,season13_Ellen_Charms_Her_Unexpected_Guest-Fx3wjHPht0E.mkv,http://www.youtube.com/watch?v=Fx3wjHPht0E
ellen,season14_What_Would_Life_Be_Like_As_a_Snail-VLANhwb54ZQ.mkv,http://www.youtube.com/watch?v=VLANhwb54ZQ
ellen,season7_Ellen_s_Monologue_-_27-11-09-vCvBLjlZ3Zw.mkv,http://www.youtube.com/watch?v=vCvBLjlZ3Zw
ellen,season11_Put_Your_Back_Into_It-UEzXrFpHuck.mkv,http://www.youtube.com/watch?v=UEzXrFpHuck
ellen,season10_Undecided_Voters-T64-kncj29s.mkv,https://www.youtube.com/watch?v=T64-kncj29s
ellen,season10_Don_t_Cross_Your_Legs_Ellen-T71FOs09ukc.mkv,http://www.youtube.com/watch?v=T71FOs09ukc
ellen,season10_It_Looked_Good_on_the_Mannequin-PflbDxwYH4g.mkv,http://www.youtube.com/watch?v=PflbDxwYH4g
ellen,season11_Muffin_Anyone-LjbmvPIf39Y.mkv,http://www.youtube.com/watch?v=LjbmvPIf39Y
ellen,season11_UnderWhat-b1B9xjUxM5E.mkv,http://www.youtube.com/watch?v=b1B9xjUxM5E
ellen,season1-2_Ellen_s_monologue_about_driving-nK4bUQ5TjLM.mkv,http://www.youtube.com/watch?v=nK4bUQ5TjLM
ellen,season14_That_s_What_She_Said-Jpt5YCRQPxg.mkv,http://www.youtube.com/watch?v=Jpt5YCRQPxg
ellen,season5_Ellen_s_Monologue_-_05_19_10-S4to6xOhgzI.mkv,http://www.youtube.com/watch?v=S4to6xOhgzI
ellen,season1-2_Ellen_s_clumsy_monologue-WQGP8YShaIw.mkv,http://www.youtube.com/watch?v=WQGP8YShaIw
ellen,season7_Ellen_s_Texting_Monologue-02-Oct-09-9d8i2J6es4U.mkv,http://www.youtube.com/watch?v=9d8i2J6es4U
ellen,season10_The_Challenges_of_Multitasking-Q45cUHfvMZU.mkv,http://www.youtube.com/watch?v=Q45cUHfvMZU
ellen,season10_Does_Your_Sandwich_Measure_Up-SDja7pdyyO4.mkv,http://www.youtube.com/watch?v=SDja7pdyyO4
ellen,season1-2_Ellen_s_sleep_monologue-VLPxJRRAGBo.mkv,http://www.youtube.com/watch?v=VLPxJRRAGBo
ellen,season1-2_Ellen_s_babies_monologue-Okoo5db8yPo.mkv,http://www.youtube.com/watch?v=Okoo5db8yPo
ellen,season1-2_Ellen_s_Looking_Different_Monologue-YnBVhoAROyA.mkv,http://www.youtube.com/watch?v=YnBVhoAROyA
ellen,season14_Ellen_s_Comments_on_the_Travel_Ban-dybBD1hbmF4.mkv,http://www.youtube.com/watch?v=dybBD1hbmF4
ellen,season10_California_Loves_Lotto-nMt_23vmN1o.mkv,http://www.youtube.com/watch?v=nMt_23vmN1o
ellen,season15_Ellen_Has_Beetlemania_with_Leonardo_DiCaprio_and_Kate_Winslet-y5g-qBM0c3c.mkv,https://www.youtube.com/watch?v=y5g-qBM0c3c
ellen,season12_Ellen_s_Getting_Ready_for_the_Super_Bowl-0o_s-C07fnc.mkv,https://www.youtube.com/watch?v=0o_s-C07fnc
ellen,season14_Ellen_s_Random_Thoughts-cTaN4PBPqzM.mkv,http://www.youtube.com/watch?v=cTaN4PBPqzM
ellen,season1-2_Ellen_s_monologue_about_snacking-kO1HlUvUPF0.mkv,http://www.youtube.com/watch?v=kO1HlUvUPF0
ellen,season11_Ellen_Goes_Farmers_Marketing-txh0v2hrhqQ.mkv,http://www.youtube.com/watch?v=txh0v2hrhqQ
ellen,season12_Ellen_s_Consumer_Reports_and_Stuff-giujFecnwRw.mkv,http://www.youtube.com/watch?v=giujFecnwRw
ellen,season10_Ellen_s_Monologue_with_a_Surprise_Bieber-UTHr1Dy1PMw.mkv,http://www.youtube.com/watch?v=UTHr1Dy1PMw
ellen,season7_Ellen_s_Monologue_-_09-Oct-09-_GRtjijgImU.mkv,http://www.youtube.com/watch?v=_GRtjijgImU
ellen,season15_Ellen_Still_Won_t_Stop_Trying_to_Save_the_Elephants-uEEI1ACqP0s.mkv,http://www.youtube.com/watch?v=uEEI1ACqP0s
ellen,season11_The_Invention_of_Television-nYFpNnK044w.mkv,http://www.youtube.com/watch?v=nYFpNnK044w
ellen,season13_Ellen_for_President-dxD4xtXShXM.mkv,http://www.youtube.com/watch?v=dxD4xtXShXM
ellen,season12_Food_Fads-gpEToVbQvsU.mkv,http://www.youtube.com/watch?v=gpEToVbQvsU
ellen,season13_Oh_Snap-20MVi3ECyH4.mkv,http://www.youtube.com/watch?v=20MVi3ECyH4
ellen,season12_Ellen_Rocks-z3iHj5dVW2I.mkv,http://www.youtube.com/watch?v=z3iHj5dVW2I
ellen,season5_Ellen_s_Monologue_-06-Oct-09-tyH2j8gjz5w.mkv,http://www.youtube.com/watch?v=tyH2j8gjz5w
ellen,season5_Ellen_s_Monologue_-_04_13_10-8DVjcGjaxIQ.mkv,http://www.youtube.com/watch?v=8DVjcGjaxIQ
ellen,season12_Ellen_Improves_Your_Airplane_Seat-AfQT4Fz1ipI.mkv,http://www.youtube.com/watch?v=AfQT4Fz1ipI
ellen,season12_Starbucks_Manners_from_Ellen-yJ1ss_Ahb44.mkv,http://www.youtube.com/watch?v=yJ1ss_Ahb44
ellen,season15_Look_What_Taylor_Swift_Made_Ellen_Do-VHbRCHXdNUQ.mkv,http://www.youtube.com/watch?v=VHbRCHXdNUQ
ellen,season11_Ellen_s_Chair_Made_a_Noise-fPlW7rrZVNM.mkv,http://www.youtube.com/watch?v=fPlW7rrZVNM
ellen,season10_Van_Go-qhD7gwKdcys.mkv,http://www.youtube.com/watch?v=qhD7gwKdcys
ellen,season11_Mega_Millions-ihcZGdC8pzU.mkv,http://www.youtube.com/watch?v=ihcZGdC8pzU
ellen,season10_The_Underwear_Model_Finale_Catwalk-FG75AZBRSbw.mkv,http://www.youtube.com/watch?v=FG75AZBRSbw
ellen,season13_The_20_Bill_s_Facelift-O9ybGM8OXgg.mkv,http://www.youtube.com/watch?v=O9ybGM8OXgg
ellen,season12_Ellen_Take_the_Wheel-Xr73e76G_CI.mkv,http://www.youtube.com/watch?v=Xr73e76G_CI
ellen,season10_L.A._Is_So_Cold-93ArNS92je8.mkv,http://www.youtube.com/watch?v=93ArNS92je8
ellen,season5_Ellen_s_Monologue_-_11-Nov-09-hmSoVEqD7Qs.mkv,http://www.youtube.com/watch?v=hmSoVEqD7Qs
ellen,season11_Chirp_Chirp_Chirp-k2BuLZCW3Dw.mkv,http://www.youtube.com/watch?v=k2BuLZCW3Dw
ellen,season1-2_Ellen_s_food_monologue-Y2IJ9-ldjFg.mkv,https://www.youtube.com/watch?v=Y2IJ9-ldjFg
ellen,season10_Ellen_Remembers_Her_Cubicle_Monologue-gzrch7X8Hoo.mkv,http://www.youtube.com/watch?v=gzrch7X8Hoo
ellen,season11_Taco_Bell_for_Breakfast-_fWCqd9NSZ4.mkv,http://www.youtube.com/watch?v=_fWCqd9NSZ4
ellen,season5_Ellen_s_Monologue_-_09-Oct-09-_GRtjijgImU.mkv,http://www.youtube.com/watch?v=_GRtjijgImU
ellen,season10_Ageless_Beauty-NUt3lnw1ikc.mkv,http://www.youtube.com/watch?v=NUt3lnw1ikc
ellen,season11_Use_It_or_Lose_It-4Ftj8XY1Buo.mkv,http://www.youtube.com/watch?v=4Ftj8XY1Buo
ellen,season10_Ellen_Talks_About_Her_Chest_Pain-aRwRfoO1TcU.mkv,http://www.youtube.com/watch?v=aRwRfoO1TcU
ellen,season5_Ellen_s_Monologue_-_03_15_10-Ez-fW0jfNlY.mkv,https://www.youtube.com/watch?v=Ez-fW0jfNlY
ellen,season7_Ellen_s_No_T-Pain_no_T-Gain_Monologue_-_23-Sep-09-GLdJYYK1G24.mkv,http://www.youtube.com/watch?v=GLdJYYK1G24
ellen,season10_Ellen_Found_an_Old_Roll_of_Film-BgNYOXYzWUQ.mkv,http://www.youtube.com/watch?v=BgNYOXYzWUQ
ellen,season10_Air_Guitar_Hero-47QWIYTLD1o.mkv,http://www.youtube.com/watch?v=47QWIYTLD1o
ellen,season10_Holiday_Pringles-057EDTg7lGY.mkv,http://www.youtube.com/watch?v=057EDTg7lGY
ellen,season13_Oh_Thank_Heaven_for_Delivery-WqnE6JMH1g8.mkv,http://www.youtube.com/watch?v=WqnE6JMH1g8
ellen,season13_Ellen_s_First_Musical_Monologue-mPaJ8j_4yek.mkv,http://www.youtube.com/watch?v=mPaJ8j_4yek
ellen,season11_These_Hands_Are_Dry-h3y_cw4ZnFs.mkv,http://www.youtube.com/watch?v=h3y_cw4ZnFs
ellen,season1-2_Ellen_s_vacation_monologue-wzsgk-r2Yvc.mkv,https://www.youtube.com/watch?v=wzsgk-r2Yvc
ellen,season1-2_Ellen_s_razor_monologue-vZ4DY86iv-c.mkv,https://www.youtube.com/watch?v=vZ4DY86iv-c
ellen,season1-2_Ellen_s_light_sleeper_monologue-J3Ar-EDiR_A.mkv,https://www.youtube.com/watch?v=J3Ar-EDiR_A
ellen,season1-2_Ellen_s_monologue_about_making_decisions-BatqV3B9hiU.mkv,http://www.youtube.com/watch?v=BatqV3B9hiU
ellen,season11_Ellen_Takes_a_Buzzfeed_Quiz-INncQ_K9Ksw.mkv,http://www.youtube.com/watch?v=INncQ_K9Ksw
ellen,season13_Starbucks_Holiday_Cup_Controversy-TJyfQS3Pb9g.mkv,http://www.youtube.com/watch?v=TJyfQS3Pb9g
ellen,season11_80_000_Kinds_of_Starbucks-bREaFbsVi40.mkv,http://www.youtube.com/watch?v=bREaFbsVi40
ellen,season1-2_Ellen_s_fruit_monologue-8YysNPr6E84.mkv,http://www.youtube.com/watch?v=8YysNPr6E84
ellen,season11_Ellen_and_Portia_Are_Hot-sZ_xir3TefM.mkv,http://www.youtube.com/watch?v=sZ_xir3TefM
ellen,season5_Ellen_s_Monologue_05_17_10-TEnUHS36Ss8.mkv,http://www.youtube.com/watch?v=TEnUHS36Ss8
ellen,season11_Ellen_Had_a_Bad_Day-RZ3h1mpsods.mkv,http://www.youtube.com/watch?v=RZ3h1mpsods
ellen,season13_The_Struggle_of_Daylight_Savings_Time-OvMIHhGCqRc.mkv,http://www.youtube.com/watch?v=OvMIHhGCqRc
ellen,season13_The_East_Coast_Blizzard-hgETqEzmjh0.mkv,http://www.youtube.com/watch?v=hgETqEzmjh0
ellen,season14_Kristen_Bell_Co-Hosts_with_Ellen-f7xor4peODQ.mkv,http://www.youtube.com/watch?v=f7xor4peODQ
ellen,season11_Kim_and_Kanye_Are_Engaged-WiueASO6ExU.mkv,http://www.youtube.com/watch?v=WiueASO6ExU
ellen,season5_Ellen_DeGeneres_cooking_monologue-kBHsfHkcFmc.mkv,http://www.youtube.com/watch?v=kBHsfHkcFmc
ellen,season7_American_Idol_-_Good._Back_Handed_Compliments_-_Bad_-_Monologue_-_22-sep-09-bW6O7mbi8mw.mkv,http://www.youtube.com/watch?v=bW6O7mbi8mw
ellen,season14_Let_s_Talk_About_Sex-_L7OI2RRgTo.mkv,http://www.youtube.com/watch?v=_L7OI2RRgTo
ellen,season14_Ellen_Stays_Focused-PwDRr-8g2ZU.mkv,https://www.youtube.com/watch?v=PwDRr-8g2ZU
ellen,season14_Ellen_Discusses_Odd_Shopping_Habits-Vusz1ywC9TQ.mkv,http://www.youtube.com/watch?v=Vusz1ywC9TQ
ellen,season10_Fine_Fast_Food_Dining-4iD9nD-cGS0.mkv,https://www.youtube.com/watch?v=4iD9nD-cGS0
ellen,season11_Who_s_Counting-ZpZhCfVOZBA.mkv,http://www.youtube.com/watch?v=ZpZhCfVOZBA
ellen,season12_Ellen_s_Audience_Takes_the_Idiot_Test-cVWefoc7MnQ.mkv,http://www.youtube.com/watch?v=cVWefoc7MnQ
ellen,season14_Really_Fake_News-ie2Mq_iio2g.mkv,http://www.youtube.com/watch?v=ie2Mq_iio2g
ellen,season10_Ellen_Roots_for_the_Saints-CDtZZCsUVzY.mkv,http://www.youtube.com/watch?v=CDtZZCsUVzY
ellen,season12_Ellen_s_Bootygate-vCoTkq5OqPc.mkv,http://www.youtube.com/watch?v=vCoTkq5OqPc
ellen,season10_Put_Your_Back_Into_It-F3Vny1cVaUM.mkv,http://www.youtube.com/watch?v=F3Vny1cVaUM
ellen,season10_Ellen_Hurt_Her_Neck-UpSDDo040wQ.mkv,http://www.youtube.com/watch?v=UpSDDo040wQ
ellen,season1-2_Ellen_s_hairspray_monologue-4b2O_TKdBJ4.mkv,http://www.youtube.com/watch?v=4b2O_TKdBJ4
ellen,season5_Ellen_s_Hoard_Youself_Out_Monologue_-_06-Nov-09-uODTca7dYD8.mkv,http://www.youtube.com/watch?v=uODTca7dYD8
ellen,season14_Ellen_s_Hiney_Helper-hPWUVr7_ITI.mkv,http://www.youtube.com/watch?v=hPWUVr7_ITI
ellen,season11_Things_Are_Getting_Juicy-2f20yNZpXKY.mkv,http://www.youtube.com/watch?v=2f20yNZpXKY
ellen,season14_Ellen_s_Supermoon_Monologue-6FL9vZpXrD8.mkv,http://www.youtube.com/watch?v=6FL9vZpXrD8
ellen,season7_Ellen_s_Heating_Humans_Monologue_-04-Nov-09-yoPwCZxHKnI.mkv,http://www.youtube.com/watch?v=yoPwCZxHKnI
ellen,season5_Ellen_s_Monologue_-_04_08_10-7FFpnNm_ua8.mkv,http://www.youtube.com/watch?v=7FFpnNm_ua8
ellen,season10_Bic_Pens_for_Women-eCyw3prIWhc.mkv,http://www.youtube.com/watch?v=eCyw3prIWhc
ellen,season5_TEDS_Forgetting_Portias_birthday-2RNgg24mpqM.mkv,http://www.youtube.com/watch?v=2RNgg24mpqM
ellen,season14_Tell_Me_Something_Good-1EoeYuGwhPA.mkv,http://www.youtube.com/watch?v=1EoeYuGwhPA
ellen,season11_It_s_Time_to_Procrastinate-NKMiAM0J0Hs.mkv,http://www.youtube.com/watch?v=NKMiAM0J0Hs
ellen,season13_The_Politics_of_Politics-LHrxROVilEQ.mkv,http://www.youtube.com/watch?v=LHrxROVilEQ
ellen,season12_Must_Love_Dogs-51lKPhLMvi8.mkv,http://www.youtube.com/watch?v=51lKPhLMvi8
ellen,season15_Ellen_Wants_Judge_Judy_to_Hear_Her_Traffic_Case-_O95aT12a2Q.mkv,http://www.youtube.com/watch?v=_O95aT12a2Q
ellen,season10_Check_Me_Out-UIvYTtehKM0.mkv,http://www.youtube.com/watch?v=UIvYTtehKM0
ellen,season10_Eau_Neau-RhXFqzgwS2M.mkv,http://www.youtube.com/watch?v=RhXFqzgwS2M
ellen,season12_Ellen_Introduces_Kids_to_the_Technology_of_Yesterday-3CMS9xnBRkc.mkv,http://www.youtube.com/watch?v=3CMS9xnBRkc
ellen,season5_Ellen_s_Monologue_-_05_24_10-0iBixvTwUpc.mkv,http://www.youtube.com/watch?v=0iBixvTwUpc
ellen,season1-2_Ellen_s_monologue_about_shopping_through_catalogs-CELfESn8w-0.mkv,https://www.youtube.com/watch?v=CELfESn8w-0
ellen,season12_Lizard_in_the_House-8wRfys3r4ok.mkv,http://www.youtube.com/watch?v=8wRfys3r4ok
ellen,season14_Ellen_s_Oscar_Nominee_Summary-zfML8a3Tks0.mkv,http://www.youtube.com/watch?v=zfML8a3Tks0
ellen,season5_Ellen_s_Monologue_11_04_10-PIzAXYnp7Es.mkv,http://www.youtube.com/watch?v=PIzAXYnp7Es
ellen,season12_Ellen_the_Homework_Helperer-CS7dD9mv4Ws.mkv,http://www.youtube.com/watch?v=CS7dD9mv4Ws
ellen,season11_Don_t_Text_and_Drive-L93ztnuf3Xk.mkv,http://www.youtube.com/watch?v=L93ztnuf3Xk
ellen,season11_Parking_at_the_Mall-kH-p3P3CKHI.mkv,https://www.youtube.com/watch?v=kH-p3P3CKHI
ellen,season10_Ellen_s_Tips_for_Interviewers-DpGCviil0-A.mkv,https://www.youtube.com/watch?v=DpGCviil0-A
ellen,season5_Ellen_s_Monologue_-_05_12_10-s0khcvXKptI.mkv,http://www.youtube.com/watch?v=s0khcvXKptI
ellen,season11_Time_for_a_Change-p74hq5cIkiI.mkv,http://www.youtube.com/watch?v=p74hq5cIkiI
ellen,season10_Carmageddon_2-fYbOX1N0tHk.mkv,http://www.youtube.com/watch?v=fYbOX1N0tHk
ellen,season13_Ellen_s_Tax_Solutions-dhiLCN8w5TQ.mkv,http://www.youtube.com/watch?v=dhiLCN8w5TQ
ellen,season11_The_Mystery_of_Tilly_Mint-wdgHwvcMAh8.mkv,http://www.youtube.com/watch?v=wdgHwvcMAh8
ellen,season11_Ellen_s_Summer_Movie_Preview-mhX_ohvSMEE.mkv,http://www.youtube.com/watch?v=mhX_ohvSMEE
ellen,season11_Bag_Lady-9-mYclHy844.mkv,https://www.youtube.com/watch?v=9-mYclHy844
ellen,season1-2_Ellen_s_relaxing_monologue-cmpZF21n2fc.mkv,http://www.youtube.com/watch?v=cmpZF21n2fc
ellen,season12_Ellen_Unboxes_a_New_Trend-Oh6RJGBACBo.mkv,http://www.youtube.com/watch?v=Oh6RJGBACBo
ellen,season14_What_a_Doll-l0W7wiEjAnk.mkv,http://www.youtube.com/watch?v=l0W7wiEjAnk
ellen,season10_Ellen_on_Her_and_Portia_s_4th_Wedding_Anniversary-c0pm4D8Lz8o.mkv,http://www.youtube.com/watch?v=c0pm4D8Lz8o
ellen,season14_Ellen_s_Wise_Words_for_the_Kids-WhXNXRbiPTA.mkv,http://www.youtube.com/watch?v=WhXNXRbiPTA
ellen,season11_Ellen_in_the_Movies-tNami65DCyE.mkv,http://www.youtube.com/watch?v=tNami65DCyE
ellen,season11_iPhonologue-SyiyvEMXMjU.mkv,http://www.youtube.com/watch?v=SyiyvEMXMjU
ellen,season1-2_Ellen_s_chicken_monologue-GHRBsMjrvdE.mkv,http://www.youtube.com/watch?v=GHRBsMjrvdE
ellen,season15_Ellen_s_Life-Changing_Advice_for_Surviving_Bathing_Suit_Season-KokdFDfnBks.mkv,http://www.youtube.com/watch?v=KokdFDfnBks
ellen,season5_Ellen_s_Monologue_-_02_09_10-IbvxxX56oGg.mkv,http://www.youtube.com/watch?v=IbvxxX56oGg
ellen,season13_Ellen_Squashes_the_Kim_Kardashian_West_Rumors-rkYAiCbdKlw.mkv,http://www.youtube.com/watch?v=rkYAiCbdKlw
ellen,season13_The_Benefits_of_Kissing-9_-iddIAR6o.mkv,https://www.youtube.com/watch?v=9_-iddIAR6o
ellen,season10_Ellen_s_Australia_Photos-7qFN8sw3Akg.mkv,http://www.youtube.com/watch?v=7qFN8sw3Akg
ellen,season10_Who_s_Your_Valentine-kppdfKIHnhY.mkv,http://www.youtube.com/watch?v=kppdfKIHnhY
ellen,season12_Breaking_Bad_Action_Figures-pMXhlX4qDLs.mkv,http://www.youtube.com/watch?v=pMXhlX4qDLs
ellen,season11_Pros_and_Cons_of_Hosting_the_Oscars-3kamp1vGufA.mkv,http://www.youtube.com/watch?v=3kamp1vGufA
ellen,season10_What_s_The_Password-5xKHx0X_LvM.mkv,http://www.youtube.com/watch?v=5xKHx0X_LvM
ellen,season11_Learn_from_the_Animals-gcvEbldo-EM.mkv,https://www.youtube.com/watch?v=gcvEbldo-EM
ellen,season14_Ellen_on_Her_Most_Important_Job-CS-FdCQvWxo.mkv,https://www.youtube.com/watch?v=CS-FdCQvWxo
ellen,season11_This_Video_Could_Change_Your_Entire_Life_Forever-rBTt0xPnHYU.mkv,http://www.youtube.com/watch?v=rBTt0xPnHYU
ellen,season10_It_s_Election_Day-EOKujQi4_hk.mkv,http://www.youtube.com/watch?v=EOKujQi4_hk
ellen,season15_Ellen_Has_a_Big_iPhone_Announcement--R85IryO59Q.mkv,https://www.youtube.com/watch?v=-R85IryO59Q
ellen,season5_Ellen_s_Monologue_-_02_26_10-4G_q9WA6QSg.mkv,http://www.youtube.com/watch?v=4G_q9WA6QSg
ellen,season11_Jeans_Are_on_the_Rise-Hi0NsfgOK30.mkv,http://www.youtube.com/watch?v=Hi0NsfgOK30
ellen,season12_Ellen_s_Idea_Box-xg7H88apE8M.mkv,http://www.youtube.com/watch?v=xg7H88apE8M
ellen,season13_InstagramEveryDay-XWDuGPxf5wM.mkv,http://www.youtube.com/watch?v=XWDuGPxf5wM
ellen,season12_Face_Touching_at_the_Oscars-9m_7JOiNPPI.mkv,http://www.youtube.com/watch?v=9m_7JOiNPPI
ellen,season1-2_Ellen_s_Coffee_Monologue-fA9iO849Tyo.mkv,http://www.youtube.com/watch?v=fA9iO849Tyo
ellen,season10_Caution_-_Glitter-LDFIS_stUPI.mkv,http://www.youtube.com/watch?v=LDFIS_stUPI
ellen,season11_A_Roller_Coaster_of_Emotions-63wVyGAakto.mkv,http://www.youtube.com/watch?v=63wVyGAakto
ellen,season12_Ellen_s_Helping_Out_with_Homework-efx5dBnZPQA.mkv,http://www.youtube.com/watch?v=efx5dBnZPQA
ellen,season13_Meet_Ellen_s_Squad-KKmQSh1xvco.mkv,http://www.youtube.com/watch?v=KKmQSh1xvco
ellen,season10_The_Dirt_on_Hotels-UyKv_qWeJ3Y.mkv,http://www.youtube.com/watch?v=UyKv_qWeJ3Y
ellen,season14_Vacation_s_Over-OYRNtCZg2Uc.mkv,http://www.youtube.com/watch?v=OYRNtCZg2Uc
ellen,season1-2_Ellen_s_Cinco_de_Mayo_Monologue_2004-kxh85uSXCK0.mkv,http://www.youtube.com/watch?v=kxh85uSXCK0
ellen,season15_Ellen_Learns_About_Gorillas_Small_Bananas-BvOarXam64Q.mkv,http://www.youtube.com/watch?v=BvOarXam64Q
ellen,season11_Spur_of_the_Moment-zaRm_ew8rCg.mkv,http://www.youtube.com/watch?v=zaRm_ew8rCg
ellen,season11_This_Reality_TV_is_Unreal-jbIxszpx4ZA.mkv,http://www.youtube.com/watch?v=jbIxszpx4ZA
ellen,season10_The_People_Have_Spoken-mSflV7mvzxQ.mkv,http://www.youtube.com/watch?v=mSflV7mvzxQ
ellen,season11_Kids_These_Days-QxY-k0MFJQg.mkv,https://www.youtube.com/watch?v=QxY-k0MFJQg
ellen,season5_Ellen_s_Monologue_-_03_09_10-ubEjGwTzkRk.mkv,http://www.youtube.com/watch?v=ubEjGwTzkRk
ellen,season5_Ellen_s_Monologue_-_03_22_10-qgbhvI7WDp4.mkv,http://www.youtube.com/watch?v=qgbhvI7WDp4
ellen,season13_And..._We_re_Live-HVIJvcvPL8A.mkv,http://www.youtube.com/watch?v=HVIJvcvPL8A
ellen,season11_Wearable_Technology-1tIQHh7Rs_g.mkv,http://www.youtube.com/watch?v=1tIQHh7Rs_g
ellen,season11_Ellen_s_Talking_Old_School-60JQOXaz2jk.mkv,http://www.youtube.com/watch?v=60JQOXaz2jk
ellen,season1-2_Ellen_s_weight_monologue-ynUnpmcVCdE.mkv,http://www.youtube.com/watch?v=ynUnpmcVCdE
ellen,season10_Who_s_Naming_Hurricanes-b0oubrDpqb8.mkv,http://www.youtube.com/watch?v=b0oubrDpqb8
ellen,season5_Ellen_s_Monologue_-_02_16_10-oGgITwpNIMs.mkv,http://www.youtube.com/watch?v=oGgITwpNIMs
ellen,season14_You_Could_Be_Sellin_with_Ellen-nlxbHAVnbRY.mkv,http://www.youtube.com/watch?v=nlxbHAVnbRY
ellen,season11_Put_a_Lid_on_It-S-OSPvKpyek.mkv,https://www.youtube.com/watch?v=S-OSPvKpyek
ellen,season12_Who_Needs_An_Appendix-z9Kdd3utmjU.mkv,http://www.youtube.com/watch?v=z9Kdd3utmjU
ellen,season15_Ellen_Has_Only_an_Exercise_Bench_to_Blame_for_Her_Stubbed_Toe-2tHj0cClOvw.mkv,http://www.youtube.com/watch?v=2tHj0cClOvw
ellen,season11_Easy_on_the_Balsamic-lRNIrZLE--Y.mkv,https://www.youtube.com/watch?v=lRNIrZLE--Y
ellen,season10_Just_Cool_It-pXn4mf6q3xk.mkv,http://www.youtube.com/watch?v=pXn4mf6q3xk
ellen,season5_Ellen_s_Monologue_-_03_08_10-gXJQ2lyezj8.mkv,http://www.youtube.com/watch?v=gXJQ2lyezj8
ellen,season13_Ellen_Talks_O.J.-46zk30vPjQg.mkv,http://www.youtube.com/watch?v=46zk30vPjQg
ellen,season7_Ellen_s_Monologue_-_16-Oct-09-rjENRXIQC6E.mkv,http://www.youtube.com/watch?v=rjENRXIQC6E
ellen,season10_Who_Turned_Out_the_Lights-w7zxqMCDKCo.mkv,http://www.youtube.com/watch?v=w7zxqMCDKCo
ellen,season11_You_Cream_Eye_Cream-XWGT6AGeHEk.mkv,http://www.youtube.com/watch?v=XWGT6AGeHEk
ellen,season10_Where_d_My_Show_Go-z5XtctDaOW4.mkv,http://www.youtube.com/watch?v=z5XtctDaOW4
ellen,season10_Crotch_Time-ni-PM00p2tk.mkv,https://www.youtube.com/watch?v=ni-PM00p2tk
ellen,season11_These_Tags_Aren_t_for_Popping-CB5jW62-yPU.mkv,https://www.youtube.com/watch?v=CB5jW62-yPU
ellen,season15_Ellen_Kicks_Off_One_Million_Acts_of_Good_by_Doing_Good_for_Studio_Audience-et2rlAN4E2o.mkv,http://www.youtube.com/watch?v=et2rlAN4E2o
ellen,season1-2_Ellen_s_monologue_about_watching_the_show-D1lsE9BZgtk.mkv,http://www.youtube.com/watch?v=D1lsE9BZgtk
ellen,season13_Casa_Critters-LIkG53PWdng.mkv,http://www.youtube.com/watch?v=LIkG53PWdng
ellen,season10_Everyone_Gets_a_Powerball_Ticket-ulCyULQ_p3k.mkv,http://www.youtube.com/watch?v=ulCyULQ_p3k
ellen,season10_It_s_Nothing_Day-GWIBi3AKlko.mkv,http://www.youtube.com/watch?v=GWIBi3AKlko
ellen,season10_Mile_High_Charges-W75axsf2t4Y.mkv,http://www.youtube.com/watch?v=W75axsf2t4Y
ellen,season15_What_NOT_To_Do_While_Holiday_Shopping-laQZfMniRn4.mkv,http://www.youtube.com/watch?v=laQZfMniRn4
ellen,season11_Ellen_s_Imaginary_Friend_Buster-Uf4kJ4QDGcY.mkv,http://www.youtube.com/watch?v=Uf4kJ4QDGcY
ellen,season5_Ellen_s_Monologue_-_03_19_10-dGFL6Rgv5VA.mkv,http://www.youtube.com/watch?v=dGFL6Rgv5VA
ellen,season10_Scout_s_Honor-25ZPdNczyUM.mkv,http://www.youtube.com/watch?v=25ZPdNczyUM
ellen,season15_Laurel_or_Yanny-f_R9_xdhuNw.mkv,http://www.youtube.com/watch?v=f_R9_xdhuNw
ellen,season5_Ellen_s_Monologue_-_04_05_10-16_DhVzY7G8.mkv,http://www.youtube.com/watch?v=16_DhVzY7G8
ellen,season10_What_the_Book-jwSk-2mRrvY.mkv,https://www.youtube.com/watch?v=jwSk-2mRrvY
ellen,season11_Earthquake-rbZDNqmklB0.mkv,http://www.youtube.com/watch?v=rbZDNqmklB0
ellen,season12_Where_s_the_Beep-YJsaPyj-maQ.mkv,https://www.youtube.com/watch?v=YJsaPyj-maQ
ellen,season5_Ellen_s_Monolgue_-_Big_Announcement-YDTTtV8b72o.mkv,http://www.youtube.com/watch?v=YDTTtV8b72o
ellen,season1-2_Ellen_s_Food_Monologue-WfuADB21p0s.mkv,http://www.youtube.com/watch?v=WfuADB21p0s
ellen,season11_Dating_with_Your_DNA-ofFOGVHSKhI.mkv,http://www.youtube.com/watch?v=ofFOGVHSKhI
ellen,season11_To_Plan_or_Not_to_Plan-KzmTlkF976E.mkv,http://www.youtube.com/watch?v=KzmTlkF976E
ellen,season1-2_Ellen_s_monologue_about_stand-up-NgihGPMSdDE.mkv,http://www.youtube.com/watch?v=NgihGPMSdDE
ellen,season13_Barbie_s_New_Look-1feAHQn6WgQ.mkv,http://www.youtube.com/watch?v=1feAHQn6WgQ
ellen,season15_Who_Run_the_World_Women--vEwyvYQ4ck.mkv,https://www.youtube.com/watch?v=-vEwyvYQ4ck
ellen,season10_Did_You_See_Homeland-K2isAA2Ud7o.mkv,http://www.youtube.com/watch?v=K2isAA2Ud7o
ellen,season7_Ellen_s_Monologue_-_01-10-09-rxAc1ftJwbo.mkv,http://www.youtube.com/watch?v=rxAc1ftJwbo
ellen,season14_Ellen_s_Influential_Image-VeU5FOS3yYs.mkv,http://www.youtube.com/watch?v=VeU5FOS3yYs
ellen,season5_Ellen_s_Monologue_-_03_23_10-kEJMPO5mgMQ.mkv,http://www.youtube.com/watch?v=kEJMPO5mgMQ
ellen,season15_Ellen_Celebrates_10_Billion_Video_Views_on_YouTube-YSDkFNOyUFc.mkv,http://www.youtube.com/watch?v=YSDkFNOyUFc
ellen,season10_Women_Talk_More_Than_Men-nx4hS4ZL7nY.mkv,http://www.youtube.com/watch?v=nx4hS4ZL7nY
ellen,season14_Ellen_s_Flipping_Awesome_Time-RYgrLy7Ejzw.mkv,http://www.youtube.com/watch?v=RYgrLy7Ejzw
ellen,season11_Pulp_Fiction-tDEZtgU30jc.mkv,http://www.youtube.com/watch?v=tDEZtgU30jc
ellen,season10_A_Snail_Tale-CWoZIsTKphY.mkv,http://www.youtube.com/watch?v=CWoZIsTKphY
ellen,season11_Rule_of_Thumb-pj-x7IjqTug.mkv,https://www.youtube.com/watch?v=pj-x7IjqTug
ellen,season12_Ellen_s_Holidays-aisa62faa1c.mkv,http://www.youtube.com/watch?v=aisa62faa1c
ellen,season11_Ellen_s_Got_Valentine_s_Day_Solutions-L90N1W33nU0.mkv,http://www.youtube.com/watch?v=L90N1W33nU0
ellen,season10_Amazing_Kid_Inventor-NyJfQSPpDWc.mkv,http://www.youtube.com/watch?v=NyJfQSPpDWc
ellen,season1-2_Ellen_s_congested_monologue-ZoTOZLUjGx4.mkv,http://www.youtube.com/watch?v=ZoTOZLUjGx4
ellen,season15_Dear_Millennials_-_It_Gets_Better-9uSckCve4Lc.mkv,http://www.youtube.com/watch?v=9uSckCve4Lc
ellen,season13_Whole_Foods_Is_Bananas-MA1g-EPjBYY.mkv,https://www.youtube.com/watch?v=MA1g-EPjBYY
ellen,season5_Breast_Cancer_Awareness_Monologue-_l_9fI4YWyI.mkv,http://www.youtube.com/watch?v=_l_9fI4YWyI
ellen,season5_Ellen_s_Monologue_Fall_Preview-DVAknnvSiK8.mkv,http://www.youtube.com/watch?v=DVAknnvSiK8
ellen,season14_First_Lady_Michelle_Obama_Co-Hosts_with_Ellen-tCCx9vEvOHs.mkv,http://www.youtube.com/watch?v=tCCx9vEvOHs
ellen,season5_Ellen_s_Monologue_-_03_26_10-HpfK0L6VQoI.mkv,http://www.youtube.com/watch?v=HpfK0L6VQoI
ellen,season10_Memorial_Day_Travel-RCS7bpJ5iwI.mkv,http://www.youtube.com/watch?v=RCS7bpJ5iwI
ellen,season5_Ellen_s_Monologue_-_04_02_10-65z5S7ZDmGQ.mkv,http://www.youtube.com/watch?v=65z5S7ZDmGQ
ellen,season11_Need_a_Valentine_There_s_An_App_for_That-kN_v6saD580.mkv,http://www.youtube.com/watch?v=kN_v6saD580
ellen,season11_Who_Loves_Dark_Chocolate-Hdt9Y72L5ho.mkv,http://www.youtube.com/watch?v=Hdt9Y72L5ho
ellen,season12_Time_for_a_Vacation-s5Jdw6Ps0ls.mkv,http://www.youtube.com/watch?v=s5Jdw6Ps0ls
ellen,season15_Ellen_Turns_Into_Drivers_Ed_Instructor-iyt5NiDZ5_I.mkv,http://www.youtube.com/watch?v=iyt5NiDZ5_I
ellen,season10_Ellen_Found_Your_Facebook_Photos-_ZxcRJMelic.mkv,http://www.youtube.com/watch?v=_ZxcRJMelic
ellen,season11_April_Fools-E8GQbpTNII0.mkv,http://www.youtube.com/watch?v=E8GQbpTNII0
ellen,season11_Check_Please-dSGEG650Unc.mkv,http://www.youtube.com/watch?v=dSGEG650Unc
ellen,season14_Women_-_They_Get_the_Job_Done-vJbaNuZiuto.mkv,http://www.youtube.com/watch?v=vJbaNuZiuto
ellen,season10_Flu_Shot_Anyone-mCXuG5hd7KQ.mkv,http://www.youtube.com/watch?v=mCXuG5hd7KQ
ellen,season1-2_Ellen_s_New_Year_s_Resolutions_Monologue-4QvY2grIVLM.mkv,http://www.youtube.com/watch?v=4QvY2grIVLM
ellen,season10_Stressed-Out-8L3mPeeiQk0.mkv,http://www.youtube.com/watch?v=8L3mPeeiQk0
ellen,season14_Ellen_and_Channing_Tatum_s_New_Year_s_Resolutions-XxSpeic96YA.mkv,http://www.youtube.com/watch?v=XxSpeic96YA
ellen,season10_There_s_a_Pill_for_That-C2U05vtkQwI.mkv,http://www.youtube.com/watch?v=C2U05vtkQwI
ellen,season1-2_Ellen_s_kids_monologue-oQfFa6FsJTc.mkv,http://www.youtube.com/watch?v=oQfFa6FsJTc
ellen,season7_Ellen_s_I_m_on_Oprah_but_don_t_change_the_channel_Monollogue-MOEhCnfb0do.mkv,http://www.youtube.com/watch?v=MOEhCnfb0do
ellen,season14_The_Perils_of_Mall_Parking-IGDA-VFdTUU.mkv,https://www.youtube.com/watch?v=IGDA-VFdTUU
ellen,season1-2_Ellen_s_toothbrushing_monologue-S-FWzR1fQkY.mkv,https://www.youtube.com/watch?v=S-FWzR1fQkY
ellen,season15_The_Most_Outrageous_Beds_Ellen_Has_Ever_Seen-JLjPvSngSXU.mkv,http://www.youtube.com/watch?v=JLjPvSngSXU
ellen,season15_Ellen_Gets_a_Pre-Birthday_Checkup_from_Two_Very_Reliable_Doctors-nU0hcA12dCg.mkv,http://www.youtube.com/watch?v=nU0hcA12dCg
ellen,season11_Naked_and_Afraid-yibMAnXVGoA.mkv,http://www.youtube.com/watch?v=yibMAnXVGoA
ellen,season14_Ellen_s_Dating_App_Advice-MmWMxHSoM_Q.mkv,http://www.youtube.com/watch?v=MmWMxHSoM_Q
ellen,season12_Prices_Are_A-Changing-LLmC9uMAZ4Y.mkv,http://www.youtube.com/watch?v=LLmC9uMAZ4Y
ellen,season13_Oh_Snap_chat-SBbvgN7p5tI.mkv,http://www.youtube.com/watch?v=SBbvgN7p5tI
ellen,season13_I_Thought_You_Were_My_Friend-IT4kgsgq9J8.mkv,http://www.youtube.com/watch?v=IT4kgsgq9J8
ellen,season14_Ellen_Discusses_Butt_Glitter-yz4CEv9eaVo.mkv,http://www.youtube.com/watch?v=yz4CEv9eaVo
ellen,season10_Ellen_s_Audience_Revealed-pED9TKjGn_g.mkv,http://www.youtube.com/watch?v=pED9TKjGn_g
ellen,season10_Oh_No_You_Didn_stagram-PG-xzJZctKU.mkv,https://www.youtube.com/watch?v=PG-xzJZctKU
ellen,season10_Ellen_s_Time_Capsule_from_Season_1-xZAtMtuBWbY.mkv,http://www.youtube.com/watch?v=xZAtMtuBWbY
ellen,season12_Clean_Today_Stained_Tomorrow-2u6a12g0Imw.mkv,http://www.youtube.com/watch?v=2u6a12g0Imw
ellen,season15_You_Won_t_Believe_What_This_Guy_Has_NEVER_Done-bii-ci1Zc_c.mkv,https://www.youtube.com/watch?v=bii-ci1Zc_c
ellen,season14_Ellen_on_United_Airlines_Latest_Headlines-jqu7-XJEXVk.mkv,https://www.youtube.com/watch?v=jqu7-XJEXVk
ellen,season12_Women_on_Twenties-OZqJN4-zFVU.mkv,https://www.youtube.com/watch?v=OZqJN4-zFVU
ellen,season5_Ellen_Halloween_Monolgue_2007_-_JLo_Costume-6bKkDrbnLZY.mkv,http://www.youtube.com/watch?v=6bKkDrbnLZY
ellen,season11_Laughter_Is_Good_for_Your_Brain-80hcQJuo6NE.mkv,http://www.youtube.com/watch?v=80hcQJuo6NE
ellen,season12_Live_from_the_Blizzard-XJy-xh1Gavc.mkv,https://www.youtube.com/watch?v=XJy-xh1Gavc
ellen,season14_Ellen_Dissects_the_Kid-Interrupted_BBC_Interview-dmeBMvGhf1g.mkv,http://www.youtube.com/watch?v=dmeBMvGhf1g
ellen,season13_Baby_Boomers_vs._Millennials-JADG4hXaqy4.mkv,http://www.youtube.com/watch?v=JADG4hXaqy4
ellen,season12_Hello_Season_12-eStMXxyVlcg.mkv,http://www.youtube.com/watch?v=eStMXxyVlcg
ellen,season5_Ellen_s_Tips_for_have_best_Jack-O-Lantern_ever_Monologue-EmOZy77Dwlw.mkv,http://www.youtube.com/watch?v=EmOZy77Dwlw
ellen,season12_What_s_in_Ellen_s_Supply_Closet-yVezTs1NNa8.mkv,http://www.youtube.com/watch?v=yVezTs1NNa8
ellen,season12_Ellen_s_Taking_You_to_School-XThpWbI_L0s.mkv,http://www.youtube.com/watch?v=XThpWbI_L0s
ellen,season14_Ellen_on_the_New_iPhone-QZs6ZA0f2-Y.mkv,https://www.youtube.com/watch?v=QZs6ZA0f2-Y
ellen,season13_So_Many_Emojis_So_Many_Emotions-iCv8xD6RdTI.mkv,http://www.youtube.com/watch?v=iCv8xD6RdTI
ellen,season10_The_Price_of_Gas-8QUhQ6yQ-VY.mkv,https://www.youtube.com/watch?v=8QUhQ6yQ-VY
ellen,season12_The_Birds_the_Bees_and_Ellen-fKjZIOoHICc.mkv,http://www.youtube.com/watch?v=fKjZIOoHICc
ellen,season5_Ellens_QVC_Monologue-Auq_xQtYzEM.mkv,http://www.youtube.com/watch?v=Auq_xQtYzEM
ellen,season10_Ellen_s_Australia_Trip_in_Photos-MPLGVoj1A4A.mkv,http://www.youtube.com/watch?v=MPLGVoj1A4A
ellen,season11_The_Truth_About_Spring_Break-Yy6WgRcvsDE.mkv,http://www.youtube.com/watch?v=Yy6WgRcvsDE
ellen,season5_Ellen_s_Emmy_Predictions_Monologue-Vg7IBOa0SmQ.mkv,http://www.youtube.com/watch?v=Vg7IBOa0SmQ
ellen,season12_Technology_These_Days-Y37JDGB5T9M.mkv,http://www.youtube.com/watch?v=Y37JDGB5T9M
ellen,season15_Ellen_Keeps_Up_with_Pregnant_Karla_Kardashian-_I4YuUOVOSM.mkv,http://www.youtube.com/watch?v=_I4YuUOVOSM
ellen,season10_Ellen_is_Ready_for_iPhone_5--hPZnSfgO1Q.mkv,https://www.youtube.com/watch?v=-hPZnSfgO1Q
ellen,season10_The_World_Wide_Web_of_Dating-DO_l9lP415k.mkv,http://www.youtube.com/watch?v=DO_l9lP415k
ellen,season15_Ellen_Is_Responsible_for_Meghan_Markle_s_Fairy_Tale_Wedding-oUdh9nGIUAI.mkv,http://www.youtube.com/watch?v=oUdh9nGIUAI
ellen,season13_The_Force_Is_Strong_with_Ellen-Hg5QWJCtdyY.mkv,http://www.youtube.com/watch?v=Hg5QWJCtdyY
ellen,season5_Ellen_s_Monologue_05_07_10-YYQPB4xdVos.mkv,http://www.youtube.com/watch?v=YYQPB4xdVos
ellen,season7_Ellen_s_Light_Sleeprs_Monologue_-_22-Oct-09-K90QAytgsWg.mkv,http://www.youtube.com/watch?v=K90QAytgsWg
ellen,season1-2_Ellen_s_shoe_monologue-Hj-XbAQNZgQ.mkv,https://www.youtube.com/watch?v=Hj-XbAQNZgQ
ellen,season7_Ellen_s_When_I_see_You_Smile_Monologue_-_24-Sep-09-GmsAvMoU9Ts.mkv,http://www.youtube.com/watch?v=GmsAvMoU9Ts
ellen,season11_Napkin_Nightmare-9oDgVc-Uvsg.mkv,https://www.youtube.com/watch?v=9oDgVc-Uvsg
ellen,season10_Candy_Corn_Oreos-AjCpFsYYYF0.mkv,http://www.youtube.com/watch?v=AjCpFsYYYF0
ellen,season10_It_s_Getting_Hot_in_Here--YOdKFCPuTw.mkv,https://www.youtube.com/watch?v=-YOdKFCPuTw
ellen,season1-2_Ellen_s_monologue_to_honor_the_women_s_gymnastics_team-R0naU0F1eZs.mkv,http://www.youtube.com/watch?v=R0naU0F1eZs
ellen,season10_Ellen_s_Got_Mountain_Lions-OJUKX2SvbxY.mkv,http://www.youtube.com/watch?v=OJUKX2SvbxY
ellen,season14_Ellen_s_Earth_Day_Tips-UhLZ39gswwE.mkv,http://www.youtube.com/watch?v=UhLZ39gswwE
ellen,season7_Ellen_s_Monologue_-_07-Oct-09-pPzArjKLaUw.mkv,http://www.youtube.com/watch?v=pPzArjKLaUw
ellen,season5_Ellen_s_monologue_-_15-Oct-09-jYZpZANV2wU.mkv,http://www.youtube.com/watch?v=jYZpZANV2wU
ellen,season13_Ellen_s_Thanksgiving_Seating_Strategy-peQ43ezWt2E.mkv,http://www.youtube.com/watch?v=peQ43ezWt2E
ellen,season15_Ellen_Recaps_Her_Star-Studded_Season_15_So_Far-vGTUe-MC_3w.mkv,https://www.youtube.com/watch?v=vGTUe-MC_3w
ellen,season12_Parking_Lot_Etiquette_101-FyvFtioYtxk.mkv,http://www.youtube.com/watch?v=FyvFtioYtxk
ellen,season13_Who_Wants_to_Be_a_Billionaire-d0An0QYVlY4.mkv,http://www.youtube.com/watch?v=d0An0QYVlY4
ellen,season10_Ellen_is_Jet-Lagged-eeTb5c8iidg.mkv,http://www.youtube.com/watch?v=eeTb5c8iidg
ellen,season11_Ellen_Goes_Late-Night-u5hwxaBAVZQ.mkv,http://www.youtube.com/watch?v=u5hwxaBAVZQ
ellen,season13_Ellen_s_Favorite_12_Days_Reactions-11SO_TVNXLk.mkv,http://www.youtube.com/watch?v=11SO_TVNXLk
ellen,season15_Miley_Cyrus_Schools_Ellen_on_Millennials-bU-ThsSYK1A.mkv,https://www.youtube.com/watch?v=bU-ThsSYK1A
ellen,season11_10_Years_of_Poking-232T7UCwqjs.mkv,http://www.youtube.com/watch?v=232T7UCwqjs
ellen,season5_Ellen_s_Monologue_06_09_10-vZLsCJAE63g.mkv,http://www.youtube.com/watch?v=vZLsCJAE63g
ellen,season10_Google_It-3h47zuu6EUU.mkv,http://www.youtube.com/watch?v=3h47zuu6EUU
ellen,season13_Ellen_s_Wild_Summer-BjuX0JhkiPQ.mkv,http://www.youtube.com/watch?v=BjuX0JhkiPQ
ellen,season15_Ellen_Isn_t_Giving_Up_Hope_in_the_Midst_of_Devastating_Events-Qlp8gtiiNnM.mkv,http://www.youtube.com/watch?v=Qlp8gtiiNnM
ellen,season15_Ellen_Helps_a_Single_Audience_Member_Find_a_Mate_to_Mate-TSPdS01lxE8.mkv,http://www.youtube.com/watch?v=TSPdS01lxE8
ellen,season13_Ellen_Presents_The_Voice-XCLbHHNfnQc.mkv,http://www.youtube.com/watch?v=XCLbHHNfnQc
ellen,season12_You_Say_Potato_I_Say_Yam-bNF-xnu0VYs.mkv,https://www.youtube.com/watch?v=bNF-xnu0VYs
ellen,season5_Ellen_s_Monologue_05_11_10-ySd4lVWAchU.mkv,http://www.youtube.com/watch?v=ySd4lVWAchU
ellen,season10_Trendy_Baby_Names-w8E20VvYF6o.mkv,http://www.youtube.com/watch?v=w8E20VvYF6o
ellen,season11_How_Was_Your_Weekend-TLR0Udivl34.mkv,http://www.youtube.com/watch?v=TLR0Udivl34
ellen,season11_Your_Call_Is_Important_to_Us-YTfe4N5VtCc.mkv,http://www.youtube.com/watch?v=YTfe4N5VtCc
ellen,season15_Ellen_Celebrates_2_500_Shows-DerOMPgE_W0.mkv,http://www.youtube.com/watch?v=DerOMPgE_W0
ellen,season11_Ellen_s_in_a_Greek_Soap_Opera-hYKKs31Kf-g.mkv,https://www.youtube.com/watch?v=hYKKs31Kf-g
ellen,season14_Ellen_s_Hip_New_Emojis-lmZXGzLle2Y.mkv,http://www.youtube.com/watch?v=lmZXGzLle2Y
ellen,season14_Happy_Mother_s_Day-dVgkEpl6mkg.mkv,http://www.youtube.com/watch?v=dVgkEpl6mkg
ellen,season10_Ellen_s_Other_Oscars-Nr0OaGhi_Jc.mkv,http://www.youtube.com/watch?v=Nr0OaGhi_Jc
ellen,season11_Amazon_Knows_the_Future-QfqpTW3O1d4.mkv,http://www.youtube.com/watch?v=QfqpTW3O1d4
ellen,season7_Ellen_s_Eating_Right_Monologue_-_17-Sep-09-w_KVAqHrNFA.mkv,http://www.youtube.com/watch?v=w_KVAqHrNFA
ellen,season12_Ellen_s_Got_Some_Learning_For_You-dN9WIQbEh68.mkv,http://www.youtube.com/watch?v=dN9WIQbEh68
ellen,season10_Ellen_Found_Your_Facebook_Photos-8wRHSEApTEE.mkv,http://www.youtube.com/watch?v=8wRHSEApTEE
ellen,season5_Ellen_Mentions_Alexandra_Hedison_on_The_Show-1tSzGYMa_9s.mkv,http://www.youtube.com/watch?v=1tSzGYMa_9s
ellen,season14_Fashion_Week_s_New_Looks-Hj4T5b82Y9M.mkv,http://www.youtube.com/watch?v=Hj4T5b82Y9M
ellen,season12_Group_Text_Me-T6A69vVFtCY.mkv,http://www.youtube.com/watch?v=T6A69vVFtCY
ellen,season12_Ellen_Works_from_Home-9m6tK2mZXBY.mkv,http://www.youtube.com/watch?v=9m6tK2mZXBY
ellen,season5_Ellen_s_Monologue_05_04_10-oxskvVccgnA.mkv,http://www.youtube.com/watch?v=oxskvVccgnA
ellen,season10_Halloween_Costumes_for_Kids-p69teLvEczg.mkv,http://www.youtube.com/watch?v=p69teLvEczg
ellen,season15_Ellen_Has_Had_It_with_Glitter-V3g3ngXlbkM.mkv,http://www.youtube.com/watch?v=V3g3ngXlbkM
ellen,season14_Ellen_Announces_Her_Netflix_Standup_Special-5bn059kaiig.mkv,http://www.youtube.com/watch?v=5bn059kaiig
ellen,season7_Ellen_s_Monologue_-_11-Nov-09-hmSoVEqD7Qs.mkv,http://www.youtube.com/watch?v=hmSoVEqD7Qs
ellen,season7_Ellen_s_Monologue_-_Practices_Her_Rapping_Skills_23-Oct-09-8E7fjgqNfWE.mkv,http://www.youtube.com/watch?v=8E7fjgqNfWE
ellen,season11_Ellen_is_Nicki_Minaj_for_Halloween-fR2bSOggDeo.mkv,http://www.youtube.com/watch?v=fR2bSOggDeo
ellen,season14_Ellen_and_tWitch_s_Real-Life_La_La_Land-DejnYVOiKX0.mkv,http://www.youtube.com/watch?v=DejnYVOiKX0
ellen,season13_Awesome_Earth_Day_Giveaways-quMk806sTk8.mkv,http://www.youtube.com/watch?v=quMk806sTk8
ellen,season7_Dancing_Monologue_-09-Sep-09-py33-EwSh9M.mkv,https://www.youtube.com/watch?v=py33-EwSh9M
ellen,season12_Have_a_Nice_Flight-U1iEVekz1DI.mkv,http://www.youtube.com/watch?v=U1iEVekz1DI
ellen,season15_First_Look_Ellen_Scores_Deleted_Scenes_from_Taylor_Swift_s_Look_What_You_Made_Me_Do-8hAdOYDoo4c.mkv,http://www.youtube.com/watch?v=8hAdOYDoo4c
ellen,season15_Ellen_Spreads_the_Love-GzXt0ccKYeg.mkv,http://www.youtube.com/watch?v=GzXt0ccKYeg
ellen,season12_These_Toys_Are_Really_Weird-0xwow-cZPX4.mkv,https://www.youtube.com/watch?v=0xwow-cZPX4
ellen,season15_Do_Ellen_s_Fans_Actually_Know_Her_Name-APpYkvQoGnY.mkv,http://www.youtube.com/watch?v=APpYkvQoGnY
ellen,season7_Ellen_s_Happy_Halloween_Monologue_-_2-Nov-09-I0up7BNcm_g.mkv,http://www.youtube.com/watch?v=I0up7BNcm_g
ellen,season14_Ellen_on_What_Makes_America_Great-VWnmWfXmF_8.mkv,http://www.youtube.com/watch?v=VWnmWfXmF_8
ellen,season14_It_s_Day_2_of_Cat_Week-SJIXq0smqQg.mkv,http://www.youtube.com/watch?v=SJIXq0smqQg
ellen,season13_Ellen_Kicks_Off_Finding_Dory_Week-AmsZYWHyHlg.mkv,http://www.youtube.com/watch?v=AmsZYWHyHlg
ellen,season10_Ellen_s_Heart_Murmurs-jROscYX3YFM.mkv,http://www.youtube.com/watch?v=jROscYX3YFM
ellen,season11_Ellen_s_Got_Your_Thanksgiving_Seating_Plan-i21fCyAbX98.mkv,http://www.youtube.com/watch?v=i21fCyAbX98
ellen,season12_The_Perfect_Woman-ca5TlISt9EI.mkv,http://www.youtube.com/watch?v=ca5TlISt9EI
ellen,season12_Deflated-dV2xcuhq6XQ.mkv,http://www.youtube.com/watch?v=dV2xcuhq6XQ
ellen,season15_Ellen_s_New_Goal_in_Life_Is_to_Be_Followed_by_Beyonce-bTGRYNEuCoE.mkv,http://www.youtube.com/watch?v=bTGRYNEuCoE
ellen,season12_Kids_and_Their_Cell_Phones-MbiBsrTPIhM.mkv,http://www.youtube.com/watch?v=MbiBsrTPIhM
ellen,season10_You_Learn_a_Lot_in_1_600_Shows-SAXJXymY01A.mkv,http://www.youtube.com/watch?v=SAXJXymY01A
ellen,season7_Ellen_s_Monologue_-_25-11-09-yvoj7Qeivi0.mkv,http://www.youtube.com/watch?v=yvoj7Qeivi0
ellen,season5_Ellen_s_Monologue_-_03_11_10-0Iaz-gtPGUA.mkv,https://www.youtube.com/watch?v=0Iaz-gtPGUA
ellen,season12_Ellen_Helps_You_Find_a_Date-x3Lijn9cY6o.mkv,http://www.youtube.com/watch?v=x3Lijn9cY6o
ellen,season7_Ellen_s_The_Big_Bag_Theory_Monologue_-_21-Oct-09-Ds1ao8X4GIE.mkv,http://www.youtube.com/watch?v=Ds1ao8X4GIE
ellen,season15_Ellen_Can_t_Imagine_Being_Pregnant-eaL5ncDm4Y4.mkv,http://www.youtube.com/watch?v=eaL5ncDm4Y4
ellen,season10_Stop_Pop_and_Drop-V_tLkbigQg8.mkv,http://www.youtube.com/watch?v=V_tLkbigQg8
ellen,season11_Ellen_s_an_Olympics_Expert-8SwYcBtNClA.mkv,http://www.youtube.com/watch?v=8SwYcBtNClA
ellen,season15_It_s_Ellen_s_Gorillathon_Sale--5IMfZW12aM.mkv,https://www.youtube.com/watch?v=-5IMfZW12aM
ellen,season11_What_Have_You_Been_Up_To_on_Facebook-RLG4sdR1VA8.mkv,http://www.youtube.com/watch?v=RLG4sdR1VA8
ellen,season5_Ellen_s_Monologue_-_05_13_10-Pc2OsJE8hNo.mkv,http://www.youtube.com/watch?v=Pc2OsJE8hNo
ellen,season5_Ellen_s_Monologue_-_05-Oct-09-5ZxxQUaQ54c.mkv,http://www.youtube.com/watch?v=5ZxxQUaQ54c
ellen,season5_Ellen_s_Monologue_-_03_02_10-MG885yTFs0o.mkv,http://www.youtube.com/watch?v=MG885yTFs0o
ellen,season14_Introducing_Ellen_s_Emoji_Exploji-fJexOcLW4s8.mkv,http://www.youtube.com/watch?v=fJexOcLW4s8
ellen,season12_Ellen_s_Getting_Forgetful-Xa2Sq8KuHDk.mkv,http://www.youtube.com/watch?v=Xa2Sq8KuHDk
ellen,season14_It_s_Ellen_s_7th_Annual_Cat_Week-i4ur21P0k5Y.mkv,http://www.youtube.com/watch?v=i4ur21P0k5Y
ellen,season15_Ellen_Has_an_Instagram_Confession-0X5OtQneuZY.mkv,http://www.youtube.com/watch?v=0X5OtQneuZY
ellen,season10_Ellen_s_in_Larry_s_Facebook_Page-iFdy_LBZonM.mkv,http://www.youtube.com/watch?v=iFdy_LBZonM
ellen,season14_Comments_on_Comments-GakMVbYLTXQ.mkv,http://www.youtube.com/watch?v=GakMVbYLTXQ
ellen,season10_A_Big_Fan_Meets_Ellen-BNjojAz1doQ.mkv,http://www.youtube.com/watch?v=BNjojAz1doQ
ellen,season12_Is_L.A._Getting_a_Football_Team-P1OxlbT5kSo.mkv,http://www.youtube.com/watch?v=P1OxlbT5kSo
ellen,season11_Emojilogue-Qkd_18BXnaE.mkv,http://www.youtube.com/watch?v=Qkd_18BXnaE
ellen,season13_Time_Well_Spent-Vo2aDKafLZ8.mkv,http://www.youtube.com/watch?v=Vo2aDKafLZ8
ellen,season13_Holiday_Party_Help-2d96pCRPh2U.mkv,http://www.youtube.com/watch?v=2d96pCRPh2U
ellen,season10_Stuck_in_an_Elevator-7_5yKacBnjA.mkv,http://www.youtube.com/watch?v=7_5yKacBnjA
ellen,season15_Ellen_s_Simple_Tips_for_Saving_Our_Beautiful_Planet_That_We_Can_All_Do-jas5sZv7zyM.mkv,http://www.youtube.com/watch?v=jas5sZv7zyM
ellen,season7_Ellen_s_Hoard_Youself_Out_Monologue_-_06-Nov-09-uODTca7dYD8.mkv,http://www.youtube.com/watch?v=uODTca7dYD8
ellen,season10_Ellen_s_First_Monologue_from_Season_10-4NQUa0dwZs4.mkv,http://www.youtube.com/watch?v=4NQUa0dwZs4
ellen,season13_The_Odd_and_the_Beautiful-VxZnhAgh9QE.mkv,http://www.youtube.com/watch?v=VxZnhAgh9QE
ellen,season11_The_Stye_Must_Go_On-JJhQ_HBkhrA.mkv,http://www.youtube.com/watch?v=JJhQ_HBkhrA
ellen,season15_Ellen_Wants_to_Go_Fund_the_Gorillas-Br9Rq0S0iWc.mkv,http://www.youtube.com/watch?v=Br9Rq0S0iWc
ellen,season13_TV_Can_Be_Addicting-pp1JzqY6AVw.mkv,http://www.youtube.com/watch?v=pp1JzqY6AVw
ellen,season12_Cheap_Valentine_s_Day_Tips-xVkWPsFK5DQ.mkv,http://www.youtube.com/watch?v=xVkWPsFK5DQ
ellen,season15_Ellen_Surprises_Audience_With_Brand_New_TCL_Roku_TVs-kq03ETjQ6iw.mkv,http://www.youtube.com/watch?v=kq03ETjQ6iw
ellen,season13_Touchy_Feely-LwcqJhvYJ7g.mkv,http://www.youtube.com/watch?v=LwcqJhvYJ7g
ellen,season14_Mark_Harmon_Week_is_Here-Ghymw_fDy-c.mkv,https://www.youtube.com/watch?v=Ghymw_fDy-c
ellen,season12_Ellen_Found_Some_Scandalous_Facebook_Photos-wVJ3-8PaYvw.mkv,https://www.youtube.com/watch?v=wVJ3-8PaYvw
ellen,season11_Ellen_s_Summer_Vacation-XEm033KRGM0.mkv,http://www.youtube.com/watch?v=XEm033KRGM0
ellen,season13_Ellen_s_New_Outlook-bZbC7ca4eRI.mkv,http://www.youtube.com/watch?v=bZbC7ca4eRI
ellen,season12_Ellen_Went_Mattress_Shopping-OQ6moAjnzis.mkv,http://www.youtube.com/watch?v=OQ6moAjnzis
ellen,season12_Ellen_s_Checking_In-_iIBhPKRoXQ.mkv,http://www.youtube.com/watch?v=_iIBhPKRoXQ
ellen,season5_Ellen_s_Playing_games_Monologue_10-Nov-09-VoVl4PRVpHI.mkv,http://www.youtube.com/watch?v=VoVl4PRVpHI
ellen,season7_Season_07_Premiere_-_08-Sep-09-EJ-O7aPR2s0.mkv,https://www.youtube.com/watch?v=EJ-O7aPR2s0
ellen,season11_Ellen_s_Got_Good_News-N7wK0D7qLbk.mkv,http://www.youtube.com/watch?v=N7wK0D7qLbk
ellen,season10_Ellen_s_Backup_Singers-ksJ98-1XhTw.mkv,https://www.youtube.com/watch?v=ksJ98-1XhTw
ellen,season14_Classic_Games_Updates-HV5CpiBiOGI.mkv,http://www.youtube.com/watch?v=HV5CpiBiOGI
ellen,season7_Ellen_s_Emmy_Predictions_Monologue-Vg7IBOa0SmQ.mkv,http://www.youtube.com/watch?v=Vg7IBOa0SmQ
ellen,season7_Ellen_s_Monologue_-_05-Oct-09-5ZxxQUaQ54c.mkv,http://www.youtube.com/watch?v=5ZxxQUaQ54c
ellen,season5_Ellen_s_Monologue-vmY20NKFxhc.mkv,http://www.youtube.com/watch?v=vmY20NKFxhc
ellen,season15_Ellen_Shares_Her_Random_Thoughts-QyecXXls0WY.mkv,http://www.youtube.com/watch?v=QyecXXls0WY
ellen,season15_Ellen_Has_a_Few_Questions_About_The_Cheesecake_Factory_Menu-VnTENLtCR1g.mkv,http://www.youtube.com/watch?v=VnTENLtCR1g
ellen,season15_Ellen_Defends_Oprah_Against_the_President-QefprURGzzI.mkv,http://www.youtube.com/watch?v=QefprURGzzI
ellen,season12_It_s_White_and_Gold-wIZHRO0MZvI.mkv,http://www.youtube.com/watch?v=wIZHRO0MZvI
ellen,season12_Everyone_s_Sick-urDhftXdOzo.mkv,http://www.youtube.com/watch?v=urDhftXdOzo
ellen,season13_Ellen_Reveals_Her_Halloween_Kostume-JqUfd8R_fXQ.mkv,http://www.youtube.com/watch?v=JqUfd8R_fXQ
ellen,season5_Melissa_from_The_Bachelor_Tells_All_on_Ellen_s_Show_2009-03-05_---_www.PleaseView.net-fTZb92P3gsw.mkv,http://www.youtube.com/watch?v=fTZb92P3gsw
ellen,season13_Ellen_s_Selfie_Safety_Tips-N-3d1e29-vg.mkv,https://www.youtube.com/watch?v=N-3d1e29-vg
ellen,season15_Wanna_Be_a_Contestant_on_Ellen_s_Show_Which_Kind_Would_You_Be-j_sBIz4spUk.mkv,http://www.youtube.com/watch?v=j_sBIz4spUk
ellen,season12_Ellen_s_Reality_Roundup_-_Melon_Edition-umykNEAdJFQ.mkv,http://www.youtube.com/watch?v=umykNEAdJFQ
ellen,season12_Dewritos_Anyone-eF1mKZBFkF8.mkv,http://www.youtube.com/watch?v=eF1mKZBFkF8
ellen,season13_Airplane_Etiquette-XETJ3BftH2g.mkv,http://www.youtube.com/watch?v=XETJ3BftH2g
ellen,season5_Ellen_s_Monologue_-_02_12_10-VYFVN7sROIU.mkv,http://www.youtube.com/watch?v=VYFVN7sROIU
ellen,season15_Ellen_Reviews_Thanksgiving_Foods_That_Shouldn_t_Be_Made-VP8gzxa6j8M.mkv,http://www.youtube.com/watch?v=VP8gzxa6j8M
ellen,season15_Ellen_Is_Asking_You_to_Do_Just_This_One_Thing-XRGEHRxf6_w.mkv,http://www.youtube.com/watch?v=XRGEHRxf6_w
ellen,season15_How_Ellen_Saved_Money_at_Her_Star-Studded_60th_Birthday_Party-rc4-TjAM5kQ.mkv,https://www.youtube.com/watch?v=rc4-TjAM5kQ
ellen,season12_Ellen_s_Got_Great_Dating_Tips-4sOlwpSBBJ0.mkv,http://www.youtube.com/watch?v=4sOlwpSBBJ0
ellen,season15_Ellen_s_Monologue_Rocks_The_House-E93fCg3PKPM.mkv,http://www.youtube.com/watch?v=E93fCg3PKPM
ellen,season10_Ellen_Goes_Behind_the_Scenes-_BrWObWA7Z8.mkv,http://www.youtube.com/watch?v=_BrWObWA7Z8
ellen,season10_Bathing_Suit_Season-sVq9XbcKvYc.mkv,http://www.youtube.com/watch?v=sVq9XbcKvYc
ellen,season14_Trump_s_Children_s_Books-JnKhuM7qOF0.mkv,http://www.youtube.com/watch?v=JnKhuM7qOF0
ellen,season5_Ellen_s_Monologue_-_05_14_10-RImObShDbqA.mkv,http://www.youtube.com/watch?v=RImObShDbqA
ellen,season15_Ellen_Sends_Her_Love_to_Texas-dIo8-EBDr3A.mkv,https://www.youtube.com/watch?v=dIo8-EBDr3A
ellen,season14_The_Ellen_Shop_s_Live_Sale-HXdcZBRxxLQ.mkv,http://www.youtube.com/watch?v=HXdcZBRxxLQ
ellen,season5_Ellen_s_Monologue_-_02_24_10-kW_Mvmfr2R4.mkv,http://www.youtube.com/watch?v=kW_Mvmfr2R4
ellen,season12_Car_and_No_Driver-yEUkxzj3OmA.mkv,http://www.youtube.com/watch?v=yEUkxzj3OmA
ellen,season10_Ways_to_Cope_with_the_New_Facebook-yyIIAuXv5XM.mkv,http://www.youtube.com/watch?v=yyIIAuXv5XM
ellen,season7_Ellen_s_Bad_Paid-for_photos_Monologue-vhBUZ08Bu2Q.mkv,http://www.youtube.com/watch?v=vhBUZ08Bu2Q
ellen,season12_So_Sue_Me-OtIBH4W7uo0.mkv,http://www.youtube.com/watch?v=OtIBH4W7uo0
ellen,season12_Ellen_s_Going_on_The_Tonight_Show-vxbWhQMwBwo.mkv,http://www.youtube.com/watch?v=vxbWhQMwBwo
ellen,season10_Ellen_Reads_Her_Book_for_Twitter-ur2dEL0Ip6U.mkv,http://www.youtube.com/watch?v=ur2dEL0Ip6U
ellen,season5_Ellen_s_Monologue_06_14_10-Np0P-JiXOgo.mkv,https://www.youtube.com/watch?v=Np0P-JiXOgo
ellen,season14_Ellen_s_Oscar_Selfie_Record_Is_in_Jeopardy-qgcHH1frEw8.mkv,http://www.youtube.com/watch?v=qgcHH1frEw8
ellen,season12_Ellen_Periscopes_Her_Monologue-Wb7aDXVMwOo.mkv,http://www.youtube.com/watch?v=Wb7aDXVMwOo
ellen,season14_Shiney_Hiney..._for_Cats-TwdCq6ooSYY.mkv,http://www.youtube.com/watch?v=TwdCq6ooSYY
ellen,season12_You_Better_Shop_Around-thv2b6MfFRc.mkv,http://www.youtube.com/watch?v=thv2b6MfFRc
ellen,season5_Ellen_s_Monologue_-_04_20_10-vWUkIYatPL8.mkv,http://www.youtube.com/watch?v=vWUkIYatPL8
ellen,season15_Ellen_Discovers_the_Butt_Luge-vXrNJE2yDko.mkv,http://www.youtube.com/watch?v=vXrNJE2yDko
ellen,season15_Ellen_Analyzes_Gift_Unwrapping_Styles-FcUjVMFMnAM.mkv,http://www.youtube.com/watch?v=FcUjVMFMnAM
ellen,season10_A_Visit_from_Eva-fOEUgiNR5bQ.mkv,http://www.youtube.com/watch?v=fOEUgiNR5bQ
ellen,season12_Celebrity_Holiday_Products-gdQgX3AeKKI.mkv,http://www.youtube.com/watch?v=gdQgX3AeKKI
ellen,season15_Does_Ellen_Smoke_Weed-cCHynIk5h78.mkv,http://www.youtube.com/watch?v=cCHynIk5h78
season10_Holiday_Eating-iVSl1tn_-Ew.mkv,http://www.youtube.com/watch?v=iVSl1tn_-Ew